{"position":[-17.419872283935548,-0.41999998688697817,16.43605613708496],"life":10.0,"weapons":["Blaster"]}