{"position":[-2.3062644004821779,-0.42000001668930056,3.6669328212738039],"life":9.0,"weapons":["Shotgun","Blaster"]}